국가(대륙)별,상품군별,판매유형별,2014.1/4,2014.2/4,2014.3/4,2014.4/4,2015.1/4,2015.2/4,2015.3/4,2015.4/4,2016.1/4,2016.2/4,2016.3/4,2016.4/4,2017.1/4,2017.2/4,2017.3/4,2017.4/4,2018.1/4,2018.2/4,2018.3/4,2018.4/4,2019.1/4,2019.2/4,2019.3/4,2019.4/4,2020.1/4,2020.2/4,2020.3/4,2020.4/4,2021.1/4,2021.2/4,2021.3/4,2021.4/4,2022.1/4,2022.2/4,2022.3/4,2022.4/4,2023.1/4,2023.2/4 p)
중국,합계,계,55066,68938,77525,117223,170201,183801,173699,334029,390522,369735,445588,585452,689563,448483,596949,667606,646426,717843,744661,782962,1057204,1141821,1319089,1666550,1329056,1096847,1457319,1317306,1009003,1014908,833575,730082,402616,347097,269352,189995,141933,309247
중국,합계,면세점,,,,,,,,,,,,,635589,409703,562049,610041,604688,670391,707619,727126,1012118,1092077,1270158,1599893,1253633,1034738,1392952,1229759,963384,964465,789774,675565,358933,292208,205569,145545,104133,272120
중국,합계,면세점 이외,,,,,,,,,,,,,53974,38780,34900,57565,41738,47452,37042,55836,45086,49744,48931,66657,75423,62109,64367,87547,45619,50443,43801,54517,43683,54889,63783,44450,37800,37127
중국,컴퓨터 및 주변기기,계,32,34,65,68,80,50,77,67,49,69,46,114,47,29,40,65,34,26,17,178,31,19,27,104,61,41,3563,67,46,49,49,52,19,26,28,99,58,67
중국,컴퓨터 및 주변기기,면세점,,,,,,,,,,,,,3,2,5,1,2,6,1,152,2,0,1,70,0,0,3497,0,0,0,0,0,0,0,0,0,0,0
중국,컴퓨터 및 주변기기,면세점 이외,,,,,,,,,,,,,44,27,35,64,32,20,16,26,29,19,26,34,61,41,66,67,46,49,49,52,19,26,28,99,58,67
중국,가전·전자·통신기기,계,761,1421,1342,1542,2072,2370,2354,5853,4988,4178,4796,4887,8147,5865,8158,11015,15671,20143,18970,10639,13657,14507,15180,12451,3096,2123,3249,5235,3479,10061,6666,4937,45470,2244,1321,797,343,1292
중국,가전·전자·통신기기,면세점,,,,,,,,,,,,,7691,5468,7794,10663,15292,19805,18740,10349,13347,14160,14778,11952,2653,1723,2933,5041,3257,9886,6558,4850,45306,2168,1286,764,201,1256
중국,가전·전자·통신기기,면세점 이외,,,,,,,,,,,,,456,397,364,352,379,338,230,290,310,347,402,499,443,400,316,194,222,175,108,87,164,76,35,33,142,36
중국,소프트웨어,계,126,128,198,255,281,194,205,46,36,16,12,18,9,12,4,54,4,6,4,13,6,1,0,0,1,2,1,0,1,0,2,0,0,0,0,0,111,0
중국,소프트웨어,면세점,,,,,,,,,,,,,0,0,0,0,0,0,0,0,0,0,0,0,0,0,0,0,0,0,0,0,0,0,0,0,0,0
중국,소프트웨어,면세점 이외,,,,,,,,,,,,,9,12,4,54,4,6,4,13,6,1,0,0,1,2,1,0,1,0,2,0,0,0,0,0,111,0
중국,서 적,계,225,149,322,294,373,498,761,358,885,979,1188,1695,1405,940,1985,1500,1272,1802,1474,1749,1551,1185,1100,1237,1575,1591,1829,1664,3616,3149,3324,3762,3309,4448,4600,1530,1803,1638
중국,서 적,면세점,,,,,,,,,,,,,0,0,0,0,0,0,0,0,0,0,0,0,0,0,0,0,0,0,0,0,0,0,0,0,0,0
중국,서 적,면세점 이외,,,,,,,,,,,,,1405,940,1985,1500,1272,1802,1474,1749,1551,1185,1100,1237,1575,1591,1829,1664,3616,3149,3324,3762,3309,4448,4600,1530,1803,1638
중국,사무·문구,계,6,5,5,11,12,9,6,64,81,78,80,123,150,97,71,95,60,81,61,95,57,54,54,51,258,76,49,21,53,54,181,63,74,213,29,188,83,52
중국,사무·문구,면세점,,,,,,,,,,,,,5,0,7,0,1,0,1,0,5,6,10,8,0,0,1,0,0,0,72,16,1,0,0,109,45,31
중국,사무·문구,면세점 이외,,,,,,,,,,,,,145,97,64,95,59,81,60,95,52,48,44,43,258,76,48,21,53,54,109,47,73,213,29,79,38,21
중국,음반·비디오·악기,계,2350,2991,3166,2572,2295,4604,3111,1925,1974,2378,1885,2506,1632,1349,3028,2436,1850,3003,4519,5674,3447,9077,10470,13199,18103,26697,32589,47689,13339,18993,12679,17863,16443,27632,27817,21995,17415,14802
중국,음반·비디오·악기,면세점,,,,,,,,,,,,,0,0,0,0,0,0,0,0,0,0,0,0,0,0,0,0,0,0,0,0,0,0,0,0,0,0
중국,음반·비디오·악기,면세점 이외,,,,,,,,,,,,,1632,1349,3028,2436,1850,3003,4519,5674,3447,9077,10470,13199,18103,26697,32589,47689,13339,18993,12679,17863,16443,27632,27817,21995,17415,14802
중국,의류 및 패션 관련 상품,계,12206,11874,13461,19990,29737,30608,30498,51496,47293,48554,41347,53738,58988,45159,58420,65763,74535,78794,70222,65297,66854,86183,85684,91546,39860,17438,20635,28413,22905,21630,22271,24964,13650,12628,9391,15098,12099,21836
중국,의류 및 패션 관련 상품,면세점,,,,,,,,,,,,,31623,25248,43083,41412,50888,56866,53042,40441,45109,66495,69469,71350,24617,1059,2967,6753,6132,4803,9054,7703,2211,2314,1812,4503,2936,12894
중국,의류 및 패션 관련 상품,면세점 이외,,,,,,,,,,,,,27365,19911,15337,24351,23647,21928,17180,24856,21745,19688,16215,20196,15243,18497,17668,21660,16773,16827,13217,17261,11439,10314,7579,10595,9163,8942
중국,스포츠·레저용품,계,16,37,140,223,265,246,324,1432,1916,905,1238,2171,1089,633,596,628,490,474,435,340,455,450,557,542,449,1156,538,1856,347,321,317,265,202,315,297,246,197,271
중국,스포츠·레저용품,면세점,,,,,,,,,,,,,0,0,0,0,0,0,0,0,0,0,0,0,0,0,0,0,0,0,0,0,0,0,0,0,0,3
중국,스포츠·레저용품,면세점 이외,,,,,,,,,,,,,1089,633,596,628,490,474,435,340,455,450,557,542,449,1156,538,1856,347,321,317,265,202,315,297,246,197,268
중국,화장품,계,32235,43457,50509,77298,119497,129656,121078,255543,313846,298254,379609,501528,603133,385158,512795,567224,536503,597799,636459,682411,957638,1016852,1192079,1530072,1238820,1041605,1389271,1225659,958574,953499,782298,672670,317035,293141,208907,144590,104315,262027
중국,화장품,면세점,,,,,,,,,,,,,589816,376261,506067,550040,529566,585365,627562,666806,945335,1003787,1179409,1508665,1223041,1033022,1382977,1217460,952990,947953,773689,661937,311003,286697,201051,138732,99288,255812
중국,화장품,면세점 이외,,,,,,,,,,,,,13317,8897,6728,17184,6937,12434,8897,15605,12303,13065,12670,21407,15779,8583,6294,8199,5584,5546,8609,10733,6032,6444,7856,5858,5027,6215
중국,아동·유아용품,계,256,563,737,900,1944,1812,1739,2242,3034,3566,4203,3808,2541,1916,1720,1584,1444,1832,1491,1620,1376,1519,802,1262,1329,1146,1798,1359,961,878,1354,1478,659,1586,1298,757,764,1733
중국,아동·유아용품,면세점,,,,,,,,,,,,,282,103,254,90,140,366,282,128,383,292,82,119,28,1,1,0,0,0,0,27,0,0,0,2,7,12
중국,아동·유아용품,면세점 이외,,,,,,,,,,,,,2259,1813,1466,1494,1304,1466,1209,1492,993,1227,720,1143,1301,1147,1799,1359,961,878,1354,1451,659,1586,1298,755,757,1721
중국,음·식료품,계,4453,5626,4237,8649,8187,8269,6558,3854,6197,5059,5785,7859,7284,3361,5173,8463,9137,8132,8069,9361,8640,7418,6427,7924,4745,1660,1840,1317,1679,2495,1039,1567,983,1556,2033,1585,2028,2741
중국,음·식료품,면세점,,,,,,,,,,,,,5916,2505,4651,7646,8659,7699,7710,8936,7645,6980,6160,7480,3204,1056,577,505,1005,1821,401,1032,411,1029,1420,1431,1650,2093
중국,음·식료품,면세점 이외,,,,,,,,,,,,,1368,856,522,817,478,433,359,425,995,438,267,444,1541,604,1263,812,674,674,638,535,572,527,613,154,378,648
중국,농축수산물,계,2132,2049,2374,3861,4079,3502,3831,1603,573,27,20,25,18,16,24,17,43,39,24,14,15,24,6,14,20,20,28,20,19,24,19,9,8,8,2,0,1,2
중국,농축수산물,면세점,,,,,,,,,,,,,0,0,0,0,0,0,0,0,0,0,0,0,0,0,0,0,0,0,0,0,0,0,0,0,0,0
중국,농축수산물,면세점 이외,,,,,,,,,,,,,18,16,24,17,43,39,24,14,15,24,6,14,20,20,28,20,19,24,19,9,8,8,2,0,1,2
중국,생활·자동차용품,계,110,396,688,1146,1075,1390,2706,8835,5708,4988,4569,5988,4052,2926,3997,7419,4179,3800,1663,4160,2366,3040,5619,6211,2691,2261,985,1254,1272,1085,1017,655,377,666,332,314,341,191
중국,생활·자동차용품,면세점,,,,,,,,,,,,,71,7,15,5,4,0,3,5,105,124,112,86,51,3,1,0,0,0,0,0,1,0,0,4,6,18
중국,생활·자동차용품,면세점 이외,,,,,,,,,,,,,3981,2919,3982,7414,4175,3800,1660,4155,2261,2916,5507,6125,2640,2264,984,1254,1272,1085,1017,655,376,666,332,310,335,173
중국,기 타,계,158,208,281,414,304,593,451,711,3942,684,810,992,1068,1022,938,1343,1204,1912,1253,1411,1111,1492,1084,1937,18048,1031,944,2752,2712,2670,2359,1797,4387,2634,13297,2796,2375,2595
중국,기 타,면세점,,,,,,,,,,,,,182,109,173,184,136,284,278,309,187,233,137,163,39,0,0,0,0,2,0,0,0,0,0,0,0,1
중국,기 타,면세점 이외,,,,,,,,,,,,,886,913,765,1159,1068,1628,975,1102,924,1259,947,1774,18009,1031,944,2752,2712,2668,2359,1797,4387,2634,13297,2796,2375,2594
일본,합계,계,21685,17985,23165,27352,19616,18402,20480,27419,28047,32547,25127,35620,33447,31994,34409,38601,47704,47999,46968,51705,57363,55868,57169,56146,43429,62250,63976,70242,59557,70070,71702,79288,72215,62631,60859,71499,62534,51480
일본,합계,면세점,,,,,,,,,,,,,3880,3368,2557,2929,3302,3289,3855,5836,7238,9138,10449,10391,2129,3860,5051,8127,41,10,11,526,356,2719,226,244,311,873
일본,합계,면세점 이외,,,,,,,,,,,,,29567,28626,31852,35672,44402,44710,43113,45869,50125,46730,46720,45755,41300,58390,58925,62115,59516,70060,71691,78762,71859,59912,60633,71255,62223,50607
일본,컴퓨터 및 주변기기,계,71,56,55,65,64,49,46,35,49,44,43,45,27,29,38,35,27,42,70,25,34,28,13,63,36,43,83,31,40,26,22,14,2,1,2,10,31,148
일본,컴퓨터 및 주변기기,면세점,,,,,,,,,,,,,0,0,0,0,0,0,0,0,0,0,0,0,0,0,0,0,0,0,0,0,0,0,0,0,0,0
일본,컴퓨터 및 주변기기,면세점 이외,,,,,,,,,,,,,27,29,38,35,27,42,70,25,34,28,13,63,36,43,83,31,40,26,22,14,2,1,2,10,31,148
일본,가전·전자·통신기기,계,826,713,806,980,673,571,629,714,804,856,595,854,699,700,805,678,824,672,742,190,833,703,820,440,120,63,143,92,72,33,52,31,98,14,15,33,1041,3530
일본,가전·전자·통신기기,면세점,,,,,,,,,,,,,18,21,71,41,63,21,64,45,36,45,113,258,7,0,3,4,12,1,0,0,90,1,0,1,0,162
일본,가전·전자·통신기기,면세점 이외,,,,,,,,,,,,,681,679,734,637,761,651,678,145,797,658,707,182,113,63,140,88,60,32,52,31,8,13,15,32,1041,3368
일본,소프트웨어,계,11,13,11,21,14,6,10,0,2,2,1,3,2,2,1,3,2,2,2,1,5,7,1,1,1,2,1,23,1,4,0,0,0,0,3,0,36,0
일본,소프트웨어,면세점,,,,,,,,,,,,,0,0,0,0,0,0,0,0,0,0,0,0,0,0,0,0,0,0,0,0,0,0,0,0,0,0
일본,소프트웨어,면세점 이외,,,,,,,,,,,,,2,2,1,3,2,2,2,1,5,7,1,1,1,2,1,23,1,4,0,0,0,0,3,0,36,0
일본,서 적,계,18,20,31,21,21,24,34,32,53,42,47,58,89,76,38,42,64,58,36,84,73,108,191,202,134,188,333,400,690,384,440,554,550,390,337,336,413,218
일본,서 적,면세점,,,,,,,,,,,,,0,0,0,0,0,0,0,0,0,0,0,0,0,0,0,0,0,0,0,0,0,0,0,0,0,0
일본,서 적,면세점 이외,,,,,,,,,,,,,89,76,38,42,64,58,36,84,73,108,191,202,134,188,333,400,690,384,440,554,550,390,337,336,413,218
일본,사무·문구,계,1228,894,5139,7444,434,407,439,461,495,495,353,550,537,451,429,389,510,445,523,223,729,735,855,375,349,314,424,439,1056,532,813,380,733,658,460,998,277,301
일본,사무·문구,면세점,,,,,,,,,,,,,0,0,0,0,0,0,0,0,0,0,0,0,0,0,0,0,0,0,0,0,0,0,0,0,0,0
일본,사무·문구,면세점 이외,,,,,,,,,,,,,537,451,429,389,510,445,523,223,729,735,855,375,349,314,424,439,1056,532,813,380,733,658,460,998,277,301
일본,음반·비디오·악기,계,27,18,32,22,429,449,461,335,670,182,225,350,537,716,899,673,936,1281,1122,3679,2433,1632,2592,2055,2341,2829,4522,5046,3905,3575,4303,4157,3312,3512,3646,7202,2315,4683
일본,음반·비디오·악기,면세점,,,,,,,,,,,,,0,0,0,0,0,0,0,0,0,0,0,0,0,0,0,0,0,0,0,0,0,0,0,0,0,0
일본,음반·비디오·악기,면세점 이외,,,,,,,,,,,,,537,716,899,673,936,1281,1122,3679,2433,1632,2592,2055,2341,2829,4522,5046,3905,3575,4303,4157,3312,3512,3646,7202,2315,4683
일본,의류 및 패션 관련 상품,계,13534,11782,11408,12236,12456,11868,14005,19265,18776,20580,16361,24188,20440,20244,22786,27061,34571,34982,33399,33848,36739,35529,31897,30472,23194,33957,29967,32413,25776,31239,28172,33780,26977,25238,18788,26942,15593,12563
일본,의류 및 패션 관련 상품,면세점,,,,,,,,,,,,,412,317,353,417,431,477,523,627,569,808,851,871,76,3,1,1,3,1,1,3,2,20,79,77,27,126
일본,의류 및 패션 관련 상품,면세점 이외,,,,,,,,,,,,,20028,19927,22433,26644,34140,34505,32876,33221,36170,34721,31046,29601,23118,33954,29968,32412,25773,31238,28171,33777,26975,25218,18709,26865,15566,12437
일본,스포츠·레저용품,계,604,202,316,346,144,108,117,130,135,229,131,173,182,179,174,156,206,216,209,165,241,185,219,133,146,69,158,273,275,117,293,517,413,140,398,661,266,186
일본,스포츠·레저용품,면세점,,,,,,,,,,,,,0,0,0,0,0,0,0,0,0,0,0,0,0,0,0,0,0,0,0,0,0,0,0,0,0,0
일본,스포츠·레저용품,면세점 이외,,,,,,,,,,,,,182,179,174,156,206,216,209,165,241,185,219,133,146,69,158,273,275,117,293,517,413,140,398,661,266,186
일본,화장품,계,1034,781,646,939,874,1223,1671,2832,2080,2466,2765,4034,5052,4135,3906,4204,4425,3577,4465,6313,8327,9592,11800,13970,8154,14894,18102,20115,12446,18775,23390,23077,26928,19231,21160,23081,25982,14275
일본,화장품,면세점,,,,,,,,,,,,,3332,2944,2031,2358,2694,2666,3141,5003,6432,8027,9296,9028,2023,3857,5049,8121,25,7,10,522,264,2696,140,156,273,544
일본,화장품,면세점 이외,,,,,,,,,,,,,1720,1191,1875,1846,1731,911,1324,1310,1895,1565,2504,4942,6131,11037,13053,11994,12421,18768,23380,22555,26664,16535,21020,22925,25709,13731
일본,아동·유아용품,계,83,33,110,199,29,24,19,44,44,83,39,68,52,43,28,40,50,53,50,102,78,166,150,191,126,206,360,663,310,257,352,212,262,95,353,462,346,671
일본,아동·유아용품,면세점,,,,,,,,,,,,,0,0,0,0,0,0,0,0,0,1,4,2,2,0,0,0,0,0,0,0,0,0,0,0,0,0
일본,아동·유아용품,면세점 이외,,,,,,,,,,,,,52,43,28,40,50,53,50,102,78,165,146,189,124,206,360,663,310,257,352,212,262,95,353,462,346,671
일본,음·식료품,계,186,116,177,316,606,475,159,190,848,3144,153,530,695,391,151,186,435,435,358,1019,998,755,1096,1269,1808,963,592,1358,3557,3545,3090,3551,2470,2384,1999,1467,3829,3855
일본,음·식료품,면세점,,,,,,,,,,,,,118,86,102,113,114,125,127,161,201,257,185,232,21,0,0,1,1,1,0,1,0,2,7,10,11,41
일본,음·식료품,면세점 이외,,,,,,,,,,,,,577,305,49,73,321,310,231,858,797,498,911,1037,1787,963,592,1357,3556,3544,3090,3550,2470,2382,1992,1457,3818,3814
일본,농축수산물,계,10,9,15,16,19,16,31,15,13,1,2,1,1,3,0,0,2,2,2,0,0,6,2,10,1,0,0,1,0,0,0,0,0,0,0,0,0,0
일본,농축수산물,면세점,,,,,,,,,,,,,0,0,0,0,0,0,0,0,0,0,0,0,0,0,0,0,0,0,0,0,0,0,0,0,0,0
일본,농축수산물,면세점 이외,,,,,,,,,,,,,1,3,0,0,2,2,2,0,0,6,2,10,1,0,0,1,0,0,0,0,0,0,0,0,0,0
일본,생활·자동차용품,계,1042,609,927,1409,490,385,244,285,646,642,510,750,736,700,703,661,919,858,888,544,1590,986,1291,1113,1561,687,825,838,1104,740,1159,2580,1503,1721,1156,1031,2387,1762
일본,생활·자동차용품,면세점,,,,,,,,,,,,,0,0,0,0,0,0,0,0,0,0,0,0,0,0,0,0,0,0,0,0,0,0,0,0,0,0
일본,생활·자동차용품,면세점 이외,,,,,,,,,,,,,736,700,703,661,919,858,888,544,1590,986,1291,1113,1561,687,825,838,1104,740,1159,2580,1503,1721,1156,1031,2387,1762
일본,기 타,계,3011,2739,3492,3338,3363,2797,2615,3081,3432,3781,3902,4016,4398,4325,4451,4473,4733,5376,5102,5512,5283,5436,6242,5852,5458,8035,8466,8550,10325,10843,9616,10435,8967,9247,12542,9276,10018,9288
일본,기 타,면세점,,,,,,,,,,,,,0,0,0,0,0,0,0,0,0,0,0,0,0,0,0,0,0,0,0,0,0,0,0,0,0,0
일본,기 타,면세점 이외,,,,,,,,,,,,,4398,4325,4451,4473,4733,5376,5102,5512,5283,5436,6242,5852,5458,8035,8466,8550,10325,10843,9616,10435,8967,9247,12542,9276,10018,9288
아세안,합계,계,10734,10982,11473,12122,12842,13411,15076,17029,16871,18837,16600,23188,35796,29002,37523,45446,41231,41292,37454,45996,45171,47208,52493,56756,55362,28039,30871,26846,26292,26283,26662,23677,21110,22263,24855,26610,22070,21023
아세안,합계,면세점,,,,,,,,,,,,,15312,10281,16922,24015,24643,23714,19969,21197,26758,28011,34115,29814,25334,2672,5894,1858,2411,2064,2419,1870,2949,2352,5497,5854,6400,7639
아세안,합계,면세점 이외,,,,,,,,,,,,,20484,18721,20601,21431,16588,17578,17485,24799,18413,19197,18378,26942,30028,25367,24977,24988,23881,24219,24243,21807,18161,19911,19358,20756,15670,13384
아세안,컴퓨터 및 주변기기,계,136,136,172,190,217,140,136,174,215,233,195,116,316,294,90,75,342,283,82,139,328,321,96,79,284,118,79,60,278,101,56,33,10,7,33,58,40,29
아세안,컴퓨터 및 주변기기,면세점,,,,,,,,,,,,,0,0,0,0,0,0,0,2,0,0,0,0,0,0,0,0,0,0,0,0,0,0,0,0,0,0
아세안,컴퓨터 및 주변기기,면세점 이외,,,,,,,,,,,,,316,294,90,75,342,283,82,137,328,321,96,79,284,118,79,60,278,101,56,33,10,7,33,58,40,29
아세안,가전·전자·통신기기,계,2896,3005,3073,3183,2499,2853,3518,3772,3463,3237,2577,3368,3430,3214,3514,3962,3754,2503,2596,2729,2722,3246,3951,5162,5249,5032,4868,3162,3193,3426,2717,2138,1875,1976,2482,2909,2375,2344
아세안,가전·전자·통신기기,면세점,,,,,,,,,,,,,1189,721,994,1667,2072,718,816,546,470,1093,1729,2350,1792,1790,1834,490,900,847,131,74,28,23,28,55,120,515
아세안,가전·전자·통신기기,면세점 이외,,,,,,,,,,,,,2241,2493,2520,2295,1682,1785,1780,2183,2252,2153,2222,2812,3457,3242,3034,2672,2293,2579,2586,2064,1847,1953,2454,2854,2255,1829
아세안,소프트웨어,계,19,17,18,27,149,50,27,9,6,15,3,2,3,4,20,13,6,17,13,6,3,4,1,0,2,1,0,0,2,0,1,0,0,0,0,0,24,0
아세안,소프트웨어,면세점,,,,,,,,,,,,,0,0,0,0,0,0,0,0,0,0,0,0,0,0,0,0,0,0,0,0,0,0,0,0,0,0
아세안,소프트웨어,면세점 이외,,,,,,,,,,,,,3,4,20,13,6,17,13,6,3,4,1,0,2,1,0,0,2,0,1,0,0,0,0,0,24,0
아세안,서 적,계,161,183,215,145,155,166,218,242,239,642,445,792,1012,829,1825,1918,1376,1998,2023,2131,1123,1209,854,1248,1121,990,876,1205,1004,1169,678,1224,522,926,447,253,215,270
아세안,서 적,면세점,,,,,,,,,,,,,0,0,0,0,0,0,0,0,0,0,0,0,0,0,0,0,0,0,0,0,0,0,0,0,0,0
아세안,서 적,면세점 이외,,,,,,,,,,,,,1012,829,1825,1918,1376,1998,2023,2131,1123,1209,854,1248,1121,990,876,1205,1004,1169,678,1224,522,926,447,253,215,270
아세안,사무·문구,계,809,829,860,1001,549,617,679,766,688,714,617,893,611,660,705,604,411,422,444,569,569,546,561,698,882,891,804,702,601,672,693,561,519,714,661,775,599,489
아세안,사무·문구,면세점,,,,,,,,,,,,,0,0,0,0,0,0,0,0,0,0,0,0,0,0,0,0,0,0,0,0,0,0,2,1,0,0
아세안,사무·문구,면세점 이외,,,,,,,,,,,,,611,660,705,604,411,422,444,569,569,546,561,698,882,891,804,702,601,672,693,561,519,714,659,774,599,489
아세안,음반·비디오·악기,계,101,111,139,88,151,133,96,99,538,605,479,743,1116,810,2222,1810,1409,2006,2200,3468,1524,2546,1689,1875,2437,3436,4189,6073,7049,4490,4000,4256,2765,5277,2550,2528,2035,415
아세안,음반·비디오·악기,면세점,,,,,,,,,,,,,0,0,0,0,0,0,0,0,0,0,0,0,0,0,0,0,0,0,0,0,0,0,0,0,0,0
아세안,음반·비디오·악기,면세점 이외,,,,,,,,,,,,,1116,810,2222,1810,1409,2006,2200,3468,1524,2546,1689,1875,2437,3436,4189,6073,7049,4490,4000,4256,2765,5277,2550,2528,2035,415
아세안,의류 및 패션 관련 상품,계,3473,3606,3741,4116,4018,4269,5318,6034,5600,5914,5100,7864,6380,5707,5631,6579,4955,5889,5572,6652,6537,7278,7768,9664,9830,10862,9787,8860,7983,7131,8619,7816,8506,7493,9113,9854,6304,7269
아세안,의류 및 패션 관련 상품,면세점,,,,,,,,,,,,,612,338,540,764,1092,1209,1076,862,988,1346,1868,1625,1296,13,34,30,33,35,35,76,142,219,311,174,250,285
아세안,의류 및 패션 관련 상품,면세점 이외,,,,,,,,,,,,,5768,5369,5091,5815,3863,4680,4496,5790,5549,5932,5900,8039,8534,10875,9753,8830,7950,7096,8584,7740,8364,7274,8802,9680,6054,6984
아세안,스포츠·레저용품,계,873,911,887,925,1304,1400,1530,1735,1665,1731,1441,2023,1571,1649,1578,1515,1242,1322,1300,1509,1582,1454,1367,1715,2101,1922,1811,1589,1475,1498,1502,1227,1295,1152,1434,1670,1510,1069
아세안,스포츠·레저용품,면세점,,,,,,,,,,,,,2,0,0,0,0,0,0,0,0,0,0,0,0,0,0,0,0,0,0,0,0,0,0,0,0,0
아세안,스포츠·레저용품,면세점 이외,,,,,,,,,,,,,1569,1649,1578,1515,1242,1322,1300,1509,1582,1454,1367,1715,2101,1922,1811,1589,1475,1498,1502,1227,1295,1152,1434,1670,1510,1069
아세안,화장품,계,398,397,383,527,1452,1255,882,1476,1775,2490,3027,3481,17878,12433,18256,25399,23341,23083,19443,24768,26697,26814,33230,29680,25772,1605,5987,2303,2435,2240,3262,2795,3929,2944,5970,6271,6971,7158
아세안,화장품,면세점,,,,,,,,,,,,,13316,9152,15268,21363,21180,21311,17585,19401,25017,25259,30136,25505,22093,896,4018,1328,1471,1175,2235,1701,2767,2085,5106,5559,5968,6757
아세안,화장품,면세점 이외,,,,,,,,,,,,,4562,3281,2988,4036,2161,1772,1858,5367,1680,1555,3094,4175,3679,709,1969,975,964,1065,1027,1094,1162,859,864,712,1003,401
아세안,아동·유아용품,계,94,91,103,103,180,154,92,288,316,573,519,834,862,1133,1220,1181,1194,1360,1435,1678,1473,1432,860,1344,1116,786,377,419,212,1015,924,647,273,280,221,291,282,158
아세안,아동·유아용품,면세점,,,,,,,,,,,,,0,0,0,0,0,0,0,0,0,1,3,1,0,0,0,0,0,0,0,0,0,0,0,0,0,0
아세안,아동·유아용품,면세점 이외,,,,,,,,,,,,,862,1133,1220,1181,1194,1360,1435,1678,1473,1431,857,1343,1116,786,377,419,212,1015,924,647,273,280,221,291,282,158
아세안,음·식료품,계,247,303,288,255,320,303,270,79,176,435,250,281,431,254,343,414,535,668,704,554,840,609,633,680,3843,275,165,178,174,513,462,657,129,164,189,235,461,648
아세안,음·식료품,면세점,,,,,,,,,,,,,190,70,120,221,299,476,492,384,282,312,379,333,153,1,8,10,7,7,18,19,12,25,50,65,62,82
아세안,음·식료품,면세점 이외,,,,,,,,,,,,,241,184,223,193,236,192,212,170,558,297,254,347,3690,276,157,168,167,506,444,638,117,139,139,170,399,566
아세안,농축수산물,계,93,111,116,158,143,137,178,3,2,40,10,14,11,7,11,13,11,12,10,9,7,7,7,12,7,4,4,2,1,0,2,1,0,0,0,0,0,0
아세안,농축수산물,면세점,,,,,,,,,,,,,0,0,0,0,0,0,0,0,0,0,0,0,0,0,0,0,0,0,0,0,0,0,0,0,0,0
아세안,농축수산물,면세점 이외,,,,,,,,,,,,,11,7,11,13,11,12,10,9,7,7,7,12,7,4,4,2,1,0,2,1,0,0,0,0,0,0
아세안,생활·자동차용품,계,1053,1082,1125,1146,1476,1613,1823,2003,1874,1836,1646,2482,1849,1654,1756,1589,1283,1291,1257,1260,1383,1372,1236,1613,1853,1688,1529,1362,1297,2931,2167,1562,890,963,1443,1501,1094,980
아세안,생활·자동차용품,면세점,,,,,,,,,,,,,0,0,0,0,0,0,0,0,0,0,0,0,0,0,0,0,0,0,0,0,0,0,0,0,0,0
아세안,생활·자동차용품,면세점 이외,,,,,,,,,,,,,1849,1654,1756,1589,1283,1291,1257,1260,1383,1372,1236,1613,1853,1688,1529,1362,1297,2931,2167,1562,890,963,1443,1501,1094,980
아세안,기 타,계,381,200,353,258,229,321,309,349,314,372,291,295,326,354,352,374,1372,438,375,524,383,370,240,2986,865,429,395,931,588,1097,1579,760,397,367,312,265,160,194
아세안,기 타,면세점,,,,,,,,,,,,,3,0,0,0,0,0,0,2,1,0,0,0,0,0,0,0,0,0,0,0,0,0,0,0,0,0
아세안,기 타,면세점 이외,,,,,,,,,,,,,323,354,352,374,1372,438,375,522,382,370,240,2986,865,429,395,931,588,1097,1579,760,397,367,312,265,160,194
중동,합계,계,2262,2242,2101,2299,2187,2223,2095,2413,2187,2116,1775,2041,1936,1794,1883,2476,1708,1864,1947,2504,2254,2484,1835,2752,3286,2537,2880,2764,1770,1638,1705,1051,541,848,652,538,441,492
중동,합계,면세점,,,,,,,,,,,,,0,0,0,0,0,0,0,4,0,0,0,0,0,0,0,0,0,0,0,0,0,0,0,0,0,0
중동,합계,면세점 이외,,,,,,,,,,,,,1936,1794,1883,2476,1708,1864,1947,2500,2254,2484,1835,2752,3286,2537,2880,2764,1770,1638,1705,1051,541,848,652,538,441,492
중동,컴퓨터 및 주변기기,계,145,181,152,129,119,124,125,128,112,107,113,151,95,71,79,301,48,58,67,77,98,96,62,79,61,107,139,81,51,90,72,24,1,5,48,24,49,32
중동,컴퓨터 및 주변기기,면세점,,,,,,,,,,,,,0,0,0,0,0,0,0,0,0,0,0,0,0,0,0,0,0,0,0,0,0,0,0,0,0,0
중동,컴퓨터 및 주변기기,면세점 이외,,,,,,,,,,,,,95,71,79,301,48,58,67,77,98,96,62,79,61,107,139,81,51,90,72,24,1,5,48,24,49,32
중동,가전·전자·통신기기,계,665,693,608,716,535,585,479,572,425,369,306,364,353,341,315,262,172,153,181,193,155,155,168,356,182,190,272,195,154,92,95,54,0,1,0,0,14,4
중동,가전·전자·통신기기,면세점,,,,,,,,,,,,,0,0,0,0,0,0,0,0,0,0,0,0,0,0,0,0,0,0,0,0,0,0,0,0,0,0
중동,가전·전자·통신기기,면세점 이외,,,,,,,,,,,,,353,341,315,262,172,153,181,193,155,155,168,356,182,190,272,195,154,92,95,54,0,1,0,0,14,4
중동,소프트웨어,계,7,2,5,14,32,14,26,41,44,14,4,3,2,3,8,8,3,7,22,4,4,12,3,1,2,3,8,4,2,2,1,0,0,0,0,0,1,0
중동,소프트웨어,면세점,,,,,,,,,,,,,0,0,0,0,0,0,0,0,0,0,0,0,0,0,0,0,0,0,0,0,0,0,0,0,0,0
중동,소프트웨어,면세점 이외,,,,,,,,,,,,,2,3,8,8,3,7,22,4,4,12,3,1,2,3,8,4,2,2,1,0,0,0,0,0,1,0
중동,서 적,계,4,7,4,4,4,5,12,10,13,23,24,27,23,23,43,42,43,60,58,72,58,81,55,100,98,11,9,21,33,25,39,45,34,52,43,16,13,17
중동,서 적,면세점,,,,,,,,,,,,,0,0,0,0,0,0,0,0,0,0,0,0,0,0,0,0,0,0,0,0,0,0,0,0,0,0
중동,서 적,면세점 이외,,,,,,,,,,,,,23,23,43,42,43,60,58,72,58,81,55,100,98,11,9,21,33,25,39,45,34,52,43,16,13,17
중동,사무·문구,계,0,0,0,0,0,0,0,2,3,2,3,3,3,2,1,2,3,1,0,3,1,1,2,0,1,1,2,0,2,0,3,0,2,3,0,1,2,1
중동,사무·문구,면세점,,,,,,,,,,,,,0,0,0,0,0,0,0,0,0,0,0,0,0,0,0,0,0,0,0,0,0,0,0,0,0,0
중동,사무·문구,면세점 이외,,,,,,,,,,,,,3,2,1,2,3,1,0,3,1,1,2,0,1,1,2,0,2,0,3,0,2,3,0,1,2,1
중동,음반·비디오·악기,계,30,23,28,27,31,38,29,33,137,102,92,132,76,68,143,115,104,161,247,272,206,314,227,360,496,710,870,1174,326,352,367,311,211,353,245,129,95,68
중동,음반·비디오·악기,면세점,,,,,,,,,,,,,0,0,0,0,0,0,0,0,0,0,0,0,0,0,0,0,0,0,0,0,0,0,0,0,0,0
중동,음반·비디오·악기,면세점 이외,,,,,,,,,,,,,76,68,143,115,104,161,247,272,206,314,227,360,496,710,870,1174,326,352,367,311,211,353,245,129,95,68
중동,의류 및 패션 관련 상품,계,342,296,252,282,230,244,222,322,265,257,221,225,209,201,182,216,198,232,222,227,210,321,169,251,259,553,559,405,412,358,419,273,184,252,152,125,80,91
중동,의류 및 패션 관련 상품,면세점,,,,,,,,,,,,,0,0,0,0,0,0,0,3,0,0,0,0,0,0,0,0,0,0,0,0,0,0,0,0,0,0
중동,의류 및 패션 관련 상품,면세점 이외,,,,,,,,,,,,,209,201,182,216,198,232,222,224,210,321,169,251,259,553,559,405,412,358,419,273,184,252,152,125,80,91
중동,스포츠·레저용품,계,69,72,60,66,62,60,60,62,67,68,60,64,45,52,50,46,49,41,45,72,49,46,34,51,47,42,59,48,35,36,35,16,2,0,0,2,0,3
중동,스포츠·레저용품,면세점,,,,,,,,,,,,,0,0,0,0,0,0,0,0,0,0,0,0,0,0,0,0,0,0,0,0,0,0,0,0,0,0
중동,스포츠·레저용품,면세점 이외,,,,,,,,,,,,,45,52,50,46,49,41,45,72,49,46,34,51,47,42,59,48,35,36,35,16,2,0,0,2,0,3
중동,화장품,계,418,448,439,489,572,531,525,684,577,592,476,507,575,572,578,608,659,718,688,801,790,873,602,1134,671,534,543,469,421,376,381,216,92,159,130,200,172,165
중동,화장품,면세점,,,,,,,,,,,,,0,0,0,0,0,0,0,1,0,0,0,0,0,0,0,0,0,0,0,0,0,0,0,0,0,0
중동,화장품,면세점 이외,,,,,,,,,,,,,575,572,578,608,659,718,688,800,790,873,602,1134,671,534,543,469,421,376,381,216,92,159,130,200,172,165
중동,아동·유아용품,계,126,86,102,112,102,99,105,119,88,83,68,69,49,42,61,77,59,62,54,47,35,44,32,45,35,32,28,26,24,23,20,9,1,0,0,1,0,1
중동,아동·유아용품,면세점,,,,,,,,,,,,,0,0,0,0,0,0,0,0,0,0,0,0,0,0,0,0,0,0,0,0,0,0,0,0,0,0
중동,아동·유아용품,면세점 이외,,,,,,,,,,,,,49,42,61,77,59,62,54,47,35,44,32,45,35,32,28,26,24,23,20,9,1,0,0,1,0,1
중동,음·식료품,계,26,22,46,66,47,70,49,4,7,3,3,2,7,4,4,3,3,4,4,6,7,7,5,8,921,2,0,4,2,4,1,0,1,2,1,0,2,83
중동,음·식료품,면세점,,,,,,,,,,,,,0,0,0,0,0,0,0,0,0,0,0,0,0,0,0,0,0,0,0,0,0,0,0,0,0,0
중동,음·식료품,면세점 이외,,,,,,,,,,,,,7,4,4,3,3,4,4,6,7,7,5,8,921,2,0,4,2,4,1,0,1,2,1,0,2,83
중동,농축수산물,계,14,11,26,21,46,48,37,0,0,0,0,0,0,0,0,0,0,0,0,0,0,0,0,0,0,0,0,0,0,0,0,0,0,0,0,0,0,0
중동,농축수산물,면세점,,,,,,,,,,,,,0,0,0,0,0,0,0,0,0,0,0,0,0,0,0,0,0,0,0,0,0,0,0,0,0,0
중동,농축수산물,면세점 이외,,,,,,,,,,,,,0,0,0,0,0,0,0,0,0,0,0,0,0,0,0,0,0,0,0,0,0,0,0,0,0,0
중동,생활·자동차용품,계,334,307,303,279,311,322,325,331,345,386,326,376,358,320,302,660,261,272,270,620,532,366,399,275,379,223,245,213,191,149,135,60,2,2,3,2,7,6
중동,생활·자동차용품,면세점,,,,,,,,,,,,,0,0,0,0,0,0,0,0,0,0,0,0,0,0,0,0,0,0,0,0,0,0,0,0,0,0
중동,생활·자동차용품,면세점 이외,,,,,,,,,,,,,358,320,302,660,261,272,270,620,532,366,399,275,379,223,245,213,191,149,135,60,2,2,3,2,7,6
중동,기 타,계,82,94,76,94,96,83,101,105,104,110,79,118,141,95,117,136,106,95,89,110,109,168,77,92,134,129,146,124,117,131,137,43,11,19,30,38,6,21
중동,기 타,면세점,,,,,,,,,,,,,0,0,0,0,0,0,0,0,0,0,0,0,0,0,0,0,0,0,0,0,0,0,0,0,0,0
중동,기 타,면세점 이외,,,,,,,,,,,,,141,95,117,136,106,95,89,110,109,168,77,92,134,129,146,124,117,131,137,43,11,19,30,38,6,21
기타 아시아,합계,계,,,,,,,,,,,,,-,-,-,-,-,-,-,-,-,-,-,-,-,-,-,-,-,-,-,-,-,-,-,-,287,387
기타 아시아,합계,면세점,,,,,,,,,,,,,-,-,-,-,-,-,-,-,-,-,-,-,-,-,-,-,-,-,-,-,-,-,-,-,0,2
기타 아시아,합계,면세점 이외,,,,,,,,,,,,,-,-,-,-,-,-,-,-,-,-,-,-,-,-,-,-,-,-,-,-,-,-,-,-,287,385
기타 아시아,컴퓨터 및 주변기기,계,,,,,,,,,,,,,-,-,-,-,-,-,-,-,-,-,-,-,-,-,-,-,-,-,-,-,-,-,-,-,72,90
기타 아시아,컴퓨터 및 주변기기,면세점,,,,,,,,,,,,,-,-,-,-,-,-,-,-,-,-,-,-,-,-,-,-,-,-,-,-,-,-,-,-,0,0
기타 아시아,컴퓨터 및 주변기기,면세점 이외,,,,,,,,,,,,,-,-,-,-,-,-,-,-,-,-,-,-,-,-,-,-,-,-,-,-,-,-,-,-,72,90
기타 아시아,가전·전자·통신기기,계,,,,,,,,,,,,,-,-,-,-,-,-,-,-,-,-,-,-,-,-,-,-,-,-,-,-,-,-,-,-,12,19
기타 아시아,가전·전자·통신기기,면세점,,,,,,,,,,,,,-,-,-,-,-,-,-,-,-,-,-,-,-,-,-,-,-,-,-,-,-,-,-,-,0,0
기타 아시아,가전·전자·통신기기,면세점 이외,,,,,,,,,,,,,-,-,-,-,-,-,-,-,-,-,-,-,-,-,-,-,-,-,-,-,-,-,-,-,12,19
기타 아시아,소프트웨어,계,,,,,,,,,,,,,-,-,-,-,-,-,-,-,-,-,-,-,-,-,-,-,-,-,-,-,-,-,-,-,0,0
기타 아시아,소프트웨어,면세점,,,,,,,,,,,,,-,-,-,-,-,-,-,-,-,-,-,-,-,-,-,-,-,-,-,-,-,-,-,-,0,0
기타 아시아,소프트웨어,면세점 이외,,,,,,,,,,,,,-,-,-,-,-,-,-,-,-,-,-,-,-,-,-,-,-,-,-,-,-,-,-,-,0,0
기타 아시아,서 적,계,,,,,,,,,,,,,-,-,-,-,-,-,-,-,-,-,-,-,-,-,-,-,-,-,-,-,-,-,-,-,8,1
기타 아시아,서 적,면세점,,,,,,,,,,,,,-,-,-,-,-,-,-,-,-,-,-,-,-,-,-,-,-,-,-,-,-,-,-,-,0,0
기타 아시아,서 적,면세점 이외,,,,,,,,,,,,,-,-,-,-,-,-,-,-,-,-,-,-,-,-,-,-,-,-,-,-,-,-,-,-,8,1
기타 아시아,사무·문구,계,,,,,,,,,,,,,-,-,-,-,-,-,-,-,-,-,-,-,-,-,-,-,-,-,-,-,-,-,-,-,4,0
기타 아시아,사무·문구,면세점,,,,,,,,,,,,,-,-,-,-,-,-,-,-,-,-,-,-,-,-,-,-,-,-,-,-,-,-,-,-,0,0
기타 아시아,사무·문구,면세점 이외,,,,,,,,,,,,,-,-,-,-,-,-,-,-,-,-,-,-,-,-,-,-,-,-,-,-,-,-,-,-,4,0
기타 아시아,음반·비디오·악기,계,,,,,,,,,,,,,-,-,-,-,-,-,-,-,-,-,-,-,-,-,-,-,-,-,-,-,-,-,-,-,0,0
기타 아시아,음반·비디오·악기,면세점,,,,,,,,,,,,,-,-,-,-,-,-,-,-,-,-,-,-,-,-,-,-,-,-,-,-,-,-,-,-,0,0
기타 아시아,음반·비디오·악기,면세점 이외,,,,,,,,,,,,,-,-,-,-,-,-,-,-,-,-,-,-,-,-,-,-,-,-,-,-,-,-,-,-,0,0
기타 아시아,의류 및 패션 관련 상품,계,,,,,,,,,,,,,-,-,-,-,-,-,-,-,-,-,-,-,-,-,-,-,-,-,-,-,-,-,-,-,127,181
기타 아시아,의류 및 패션 관련 상품,면세점,,,,,,,,,,,,,-,-,-,-,-,-,-,-,-,-,-,-,-,-,-,-,-,-,-,-,-,-,-,-,0,0
기타 아시아,의류 및 패션 관련 상품,면세점 이외,,,,,,,,,,,,,-,-,-,-,-,-,-,-,-,-,-,-,-,-,-,-,-,-,-,-,-,-,-,-,127,181
기타 아시아,스포츠·레저용품,계,,,,,,,,,,,,,-,-,-,-,-,-,-,-,-,-,-,-,-,-,-,-,-,-,-,-,-,-,-,-,0,0
기타 아시아,스포츠·레저용품,면세점,,,,,,,,,,,,,-,-,-,-,-,-,-,-,-,-,-,-,-,-,-,-,-,-,-,-,-,-,-,-,0,0
기타 아시아,스포츠·레저용품,면세점 이외,,,,,,,,,,,,,-,-,-,-,-,-,-,-,-,-,-,-,-,-,-,-,-,-,-,-,-,-,-,-,0,0
기타 아시아,화장품,계,,,,,,,,,,,,,-,-,-,-,-,-,-,-,-,-,-,-,-,-,-,-,-,-,-,-,-,-,-,-,57,90
기타 아시아,화장품,면세점,,,,,,,,,,,,,-,-,-,-,-,-,-,-,-,-,-,-,-,-,-,-,-,-,-,-,-,-,-,-,0,1
기타 아시아,화장품,면세점 이외,,,,,,,,,,,,,-,-,-,-,-,-,-,-,-,-,-,-,-,-,-,-,-,-,-,-,-,-,-,-,57,89
기타 아시아,아동·유아용품,계,,,,,,,,,,,,,-,-,-,-,-,-,-,-,-,-,-,-,-,-,-,-,-,-,-,-,-,-,-,-,1,1
기타 아시아,아동·유아용품,면세점,,,,,,,,,,,,,-,-,-,-,-,-,-,-,-,-,-,-,-,-,-,-,-,-,-,-,-,-,-,-,0,0
기타 아시아,아동·유아용품,면세점 이외,,,,,,,,,,,,,-,-,-,-,-,-,-,-,-,-,-,-,-,-,-,-,-,-,-,-,-,-,-,-,1,1
기타 아시아,음·식료품,계,,,,,,,,,,,,,-,-,-,-,-,-,-,-,-,-,-,-,-,-,-,-,-,-,-,-,-,-,-,-,4,1
기타 아시아,음·식료품,면세점,,,,,,,,,,,,,-,-,-,-,-,-,-,-,-,-,-,-,-,-,-,-,-,-,-,-,-,-,-,-,0,1
기타 아시아,음·식료품,면세점 이외,,,,,,,,,,,,,-,-,-,-,-,-,-,-,-,-,-,-,-,-,-,-,-,-,-,-,-,-,-,-,4,0
기타 아시아,농축수산물,계,,,,,,,,,,,,,-,-,-,-,-,-,-,-,-,-,-,-,-,-,-,-,-,-,-,-,-,-,-,-,0,0
기타 아시아,농축수산물,면세점,,,,,,,,,,,,,-,-,-,-,-,-,-,-,-,-,-,-,-,-,-,-,-,-,-,-,-,-,-,-,0,0
기타 아시아,농축수산물,면세점 이외,,,,,,,,,,,,,-,-,-,-,-,-,-,-,-,-,-,-,-,-,-,-,-,-,-,-,-,-,-,-,0,0
기타 아시아,생활·자동차용품,계,,,,,,,,,,,,,-,-,-,-,-,-,-,-,-,-,-,-,-,-,-,-,-,-,-,-,-,-,-,-,2,3
기타 아시아,생활·자동차용품,면세점,,,,,,,,,,,,,-,-,-,-,-,-,-,-,-,-,-,-,-,-,-,-,-,-,-,-,-,-,-,-,0,0
기타 아시아,생활·자동차용품,면세점 이외,,,,,,,,,,,,,-,-,-,-,-,-,-,-,-,-,-,-,-,-,-,-,-,-,-,-,-,-,-,-,2,3
기타 아시아,기 타,계,,,,,,,,,,,,,-,-,-,-,-,-,-,-,-,-,-,-,-,-,-,-,-,-,-,-,-,-,-,-,0,1
기타 아시아,기 타,면세점,,,,,,,,,,,,,-,-,-,-,-,-,-,-,-,-,-,-,-,-,-,-,-,-,-,-,-,-,-,-,0,0
기타 아시아,기 타,면세점 이외,,,,,,,,,,,,,-,-,-,-,-,-,-,-,-,-,-,-,-,-,-,-,-,-,-,-,-,-,-,-,0,1
미국,합계,계,25773,22573,21288,26729,39945,26654,28647,37392,38179,36831,35290,44421,46662,41385,42331,53209,42679,40207,37631,48978,40985,44973,55512,54054,49162,66097,67920,73390,72577,70460,69519,67036,51399,52364,48214,53332,47993,59969
미국,합계,면세점,,,,,,,,,,,,,8160,9190,9469,12177,5184,3603,2317,2079,2657,2951,1818,1481,698,339,81,67,56,1742,107,108,127,220,222,363,222,362
미국,합계,면세점 이외,,,,,,,,,,,,,38502,32195,32862,41032,37495,36604,35314,46899,38328,42022,53694,52573,48464,65758,67839,73323,72521,68718,69412,66928,51272,52144,47992,52969,47771,59607
미국,컴퓨터 및 주변기기,계,2216,1666,1776,1675,1469,1393,2166,2362,2533,2121,1704,1531,1081,970,802,854,2033,1553,1784,1774,1298,1408,1653,1383,1182,1631,1871,1373,1644,2118,1535,731,655,685,754,917,741,742
미국,컴퓨터 및 주변기기,면세점,,,,,,,,,,,,,0,0,0,0,0,0,0,1,0,0,0,0,0,0,0,0,0,0,0,0,0,0,0,0,0,0
미국,컴퓨터 및 주변기기,면세점 이외,,,,,,,,,,,,,1081,970,802,854,2033,1553,1784,1773,1298,1408,1653,1383,1182,1631,1871,1373,1644,2118,1535,731,655,685,754,917,741,742
미국,가전·전자·통신기기,계,2875,2758,2894,3527,4397,3589,2982,3286,3571,2921,2744,3354,2895,2513,2631,2394,1737,1716,1723,1886,1845,1837,3166,1787,1830,2824,3292,2177,1924,1976,1657,699,207,41,162,245,381,264
미국,가전·전자·통신기기,면세점,,,,,,,,,,,,,18,23,29,32,65,38,72,52,66,116,107,49,12,2,5,1,1,3,5,1,0,3,1,5,6,14
미국,가전·전자·통신기기,면세점 이외,,,,,,,,,,,,,2877,2490,2602,2362,1672,1678,1651,1834,1779,1721,3059,1738,1818,2822,3287,2176,1923,1973,1652,698,207,38,161,240,375,250
미국,소프트웨어,계,47,57,49,128,182,113,163,116,147,103,82,83,68,100,123,125,175,251,172,269,88,156,118,338,135,182,215,333,172,178,193,323,88,63,87,46,240,39
미국,소프트웨어,면세점,,,,,,,,,,,,,0,0,0,0,0,0,0,0,0,0,0,0,0,0,0,0,0,0,0,0,0,0,0,0,0,0
미국,소프트웨어,면세점 이외,,,,,,,,,,,,,68,100,123,125,175,251,172,269,88,156,118,338,135,182,215,333,172,178,193,323,88,63,87,46,240,39
미국,서 적,계,962,720,934,1006,1074,837,993,1579,1964,1406,1584,1610,1969,1511,1876,1856,2089,1790,2033,1977,2259,1563,2596,1720,2135,2407,2583,2584,3088,2465,2655,3073,2986,2488,2723,2360,2735,2127
미국,서 적,면세점,,,,,,,,,,,,,0,0,0,0,0,0,0,0,0,0,0,0,0,0,0,0,0,0,0,0,0,0,0,0,0,0
미국,서 적,면세점 이외,,,,,,,,,,,,,1969,1511,1876,1856,2089,1790,2033,1977,2259,1563,2596,1720,2135,2407,2583,2584,3088,2465,2655,3073,2986,2488,2723,2360,2735,2127
미국,사무·문구,계,25,10,14,18,568,17,32,60,61,42,58,69,69,48,41,79,58,55,85,83,198,72,83,101,74,85,87,152,1409,373,1275,334,625,587,295,952,446,218
미국,사무·문구,면세점,,,,,,,,,,,,,0,0,0,0,0,0,0,0,0,0,0,0,0,0,0,0,0,0,0,0,0,0,0,1,0,0
미국,사무·문구,면세점 이외,,,,,,,,,,,,,69,48,41,79,58,55,85,83,198,72,83,101,74,85,87,152,1409,373,1275,334,625,587,295,951,446,218
미국,음반·비디오·악기,계,787,720,722,821,849,781,827,1109,1339,1174,1172,1556,1927,1781,2361,2647,2362,3014,3932,4550,3857,5191,5762,4786,5258,7516,9854,10291,12041,9541,10170,10089,7316,8198,7185,6850,6050,8126
미국,음반·비디오·악기,면세점,,,,,,,,,,,,,0,0,0,0,0,0,0,0,0,0,0,0,0,0,0,0,0,0,0,0,0,0,0,0,0,0
미국,음반·비디오·악기,면세점 이외,,,,,,,,,,,,,1927,1781,2361,2647,2362,3014,3932,4550,3857,5191,5762,4786,5258,7516,9854,10291,12041,9541,10170,10089,7316,8198,7185,6850,6050,8126
미국,의류 및 패션 관련 상품,계,9810,7801,6404,9208,8602,6927,8055,14482,11427,11375,11295,14354,14746,11204,11205,14483,11815,12169,10233,13658,12324,13683,13368,16161,12779,23149,22002,24277,21317,24814,24861,29729,21271,24333,20933,26685,19074,21228
미국,의류 및 패션 관련 상품,면세점,,,,,,,,,,,,,98,87,148,129,116,154,134,118,110,115,95,91,36,5,22,0,14,10,14,21,6,32,38,40,25,49
미국,의류 및 패션 관련 상품,면세점 이외,,,,,,,,,,,,,14648,11117,11057,14354,11699,12015,10099,13540,12214,13568,13273,16070,12743,23154,21980,24277,21303,24804,24847,29708,21265,24301,20895,26645,19049,21179
미국,스포츠·레저용품,계,573,539,475,491,541,527,481,658,543,663,869,1467,1481,1025,877,1121,1181,1439,1200,1072,1152,1602,3150,864,953,1641,1791,1477,1004,1289,1819,810,304,284,397,379,287,392
미국,스포츠·레저용품,면세점,,,,,,,,,,,,,0,0,0,0,0,0,1,3,4,0,0,0,0,0,0,0,0,0,0,0,0,0,0,0,0,0
미국,스포츠·레저용품,면세점 이외,,,,,,,,,,,,,1481,1025,877,1121,1181,1439,1199,1069,1148,1602,3150,864,953,1641,1791,1477,1004,1289,1819,810,304,284,397,379,287,392
미국,화장품,계,3740,3713,3399,4595,11223,6176,7061,8491,10407,10980,10150,14147,15522,15526,16016,22310,13909,11219,9717,15738,10817,11310,13999,13494,12471,11819,12089,14130,11859,10504,8194,9963,6699,5571,6037,8426,8233,13805
미국,화장품,면세점,,,,,,,,,,,,,7971,9008,9202,11913,4927,3311,2028,1780,2366,2647,1550,1271,625,337,47,54,28,1707,69,51,99,133,108,212,130,208
미국,화장품,면세점 이외,,,,,,,,,,,,,7551,6518,6814,10397,8982,7908,7689,13958,8451,8663,12449,12223,11846,11482,12042,14076,11831,8797,8125,9912,6600,5438,5929,8214,8103,13597
미국,아동·유아용품,계,583,546,499,610,1099,603,619,746,709,649,635,817,744,627,619,722,766,793,730,1056,815,1153,1702,1928,945,1344,1243,1402,1973,1678,1492,823,456,557,306,396,475,409
미국,아동·유아용품,면세점,,,,,,,,,,,,,0,1,1,0,1,0,2,0,0,0,0,0,0,0,0,0,0,0,0,0,0,0,0,0,0,0
미국,아동·유아용품,면세점 이외,,,,,,,,,,,,,744,626,618,722,765,793,728,1056,815,1153,1702,1928,945,1344,1243,1402,1973,1678,1492,823,456,557,306,396,475,409
미국,음·식료품,계,381,415,405,673,577,628,631,221,552,212,190,230,394,189,415,265,277,311,239,278,336,313,602,424,1189,478,473,615,616,723,975,962,1033,1024,1062,820,1895,3451
미국,음·식료품,면세점,,,,,,,,,,,,,73,71,89,103,75,100,80,125,111,73,64,70,25,5,7,12,13,22,19,35,22,52,75,105,61,91
미국,음·식료품,면세점 이외,,,,,,,,,,,,,321,118,326,162,202,211,159,153,225,240,538,354,1164,473,466,603,603,701,956,927,1011,972,987,715,1834,3360
미국,농축수산물,계,94,98,111,160,189,192,193,5,3,0,0,0,1,0,0,2,1,0,0,33,2,2,7,2,2,12,8,11,10,1,4,5,10,15,10,6,11,9
미국,농축수산물,면세점,,,,,,,,,,,,,0,0,0,0,0,0,0,0,0,0,0,0,0,0,0,0,0,0,0,0,0,0,0,0,0,0
미국,농축수산물,면세점 이외,,,,,,,,,,,,,1,0,0,2,1,0,0,33,2,2,7,2,2,12,8,11,10,1,4,5,10,15,10,6,11,9
미국,생활·자동차용품,계,1931,1915,1815,1871,6605,2189,2207,2291,2641,2688,2376,2600,3107,2766,2396,2276,2483,2357,2150,2159,2174,2410,3409,3713,2256,3217,3028,2966,2657,2885,2773,1073,379,326,1291,1771,2254,3834
미국,생활·자동차용품,면세점,,,,,,,,,,,,,0,0,0,0,0,0,0,0,0,0,2,0,0,0,0,0,0,0,0,0,0,0,0,0,0,0
미국,생활·자동차용품,면세점 이외,,,,,,,,,,,,,3107,2766,2396,2276,2483,2357,2150,2159,2174,2410,3407,3713,2256,3217,3028,2966,2657,2885,2773,1073,379,326,1291,1771,2254,3834
미국,기 타,계,1749,1615,1791,1946,2570,2682,2237,1986,2282,2497,2431,2603,2658,3125,2969,4075,3793,3540,3633,4445,3820,4273,5897,7353,7953,9792,9384,11602,12863,11915,11916,8422,9370,8192,6972,3479,5171,5325
미국,기 타,면세점,,,,,,,,,,,,,0,0,0,0,0,0,0,0,0,0,0,0,0,0,0,0,0,0,0,0,0,0,0,0,0,0
미국,기 타,면세점 이외,,,,,,,,,,,,,2658,3125,2969,4075,3793,3540,3633,4445,3820,4273,5897,7353,7953,9792,9384,11602,12863,11915,11916,8422,9370,8192,6972,3479,5171,5325
캐나다,합계,계,,,,,,,,,,,,,-,-,-,-,-,-,-,-,-,-,-,-,-,-,-,-,-,-,-,-,-,-,-,-,1608,1425
캐나다,합계,면세점,,,,,,,,,,,,,-,-,-,-,-,-,-,-,-,-,-,-,-,-,-,-,-,-,-,-,-,-,-,-,17,12
캐나다,합계,면세점 이외,,,,,,,,,,,,,-,-,-,-,-,-,-,-,-,-,-,-,-,-,-,-,-,-,-,-,-,-,-,-,1591,1413
캐나다,컴퓨터 및 주변기기,계,,,,,,,,,,,,,-,-,-,-,-,-,-,-,-,-,-,-,-,-,-,-,-,-,-,-,-,-,-,-,41,119
캐나다,컴퓨터 및 주변기기,면세점,,,,,,,,,,,,,-,-,-,-,-,-,-,-,-,-,-,-,-,-,-,-,-,-,-,-,-,-,-,-,0,0
캐나다,컴퓨터 및 주변기기,면세점 이외,,,,,,,,,,,,,-,-,-,-,-,-,-,-,-,-,-,-,-,-,-,-,-,-,-,-,-,-,-,-,41,119
캐나다,가전·전자·통신기기,계,,,,,,,,,,,,,-,-,-,-,-,-,-,-,-,-,-,-,-,-,-,-,-,-,-,-,-,-,-,-,29,9
캐나다,가전·전자·통신기기,면세점,,,,,,,,,,,,,-,-,-,-,-,-,-,-,-,-,-,-,-,-,-,-,-,-,-,-,-,-,-,-,1,1
캐나다,가전·전자·통신기기,면세점 이외,,,,,,,,,,,,,-,-,-,-,-,-,-,-,-,-,-,-,-,-,-,-,-,-,-,-,-,-,-,-,28,8
캐나다,소프트웨어,계,,,,,,,,,,,,,-,-,-,-,-,-,-,-,-,-,-,-,-,-,-,-,-,-,-,-,-,-,-,-,2,0
캐나다,소프트웨어,면세점,,,,,,,,,,,,,-,-,-,-,-,-,-,-,-,-,-,-,-,-,-,-,-,-,-,-,-,-,-,-,0,0
캐나다,소프트웨어,면세점 이외,,,,,,,,,,,,,-,-,-,-,-,-,-,-,-,-,-,-,-,-,-,-,-,-,-,-,-,-,-,-,2,0
캐나다,서 적,계,,,,,,,,,,,,,-,-,-,-,-,-,-,-,-,-,-,-,-,-,-,-,-,-,-,-,-,-,-,-,70,53
캐나다,서 적,면세점,,,,,,,,,,,,,-,-,-,-,-,-,-,-,-,-,-,-,-,-,-,-,-,-,-,-,-,-,-,-,0,0
캐나다,서 적,면세점 이외,,,,,,,,,,,,,-,-,-,-,-,-,-,-,-,-,-,-,-,-,-,-,-,-,-,-,-,-,-,-,70,53
캐나다,사무·문구,계,,,,,,,,,,,,,-,-,-,-,-,-,-,-,-,-,-,-,-,-,-,-,-,-,-,-,-,-,-,-,3,4
캐나다,사무·문구,면세점,,,,,,,,,,,,,-,-,-,-,-,-,-,-,-,-,-,-,-,-,-,-,-,-,-,-,-,-,-,-,0,0
캐나다,사무·문구,면세점 이외,,,,,,,,,,,,,-,-,-,-,-,-,-,-,-,-,-,-,-,-,-,-,-,-,-,-,-,-,-,-,3,4
캐나다,음반·비디오·악기,계,,,,,,,,,,,,,-,-,-,-,-,-,-,-,-,-,-,-,-,-,-,-,-,-,-,-,-,-,-,-,314,170
캐나다,음반·비디오·악기,면세점,,,,,,,,,,,,,-,-,-,-,-,-,-,-,-,-,-,-,-,-,-,-,-,-,-,-,-,-,-,-,0,0
캐나다,음반·비디오·악기,면세점 이외,,,,,,,,,,,,,-,-,-,-,-,-,-,-,-,-,-,-,-,-,-,-,-,-,-,-,-,-,-,-,314,170
캐나다,의류 및 패션 관련 상품,계,,,,,,,,,,,,,-,-,-,-,-,-,-,-,-,-,-,-,-,-,-,-,-,-,-,-,-,-,-,-,471,229
캐나다,의류 및 패션 관련 상품,면세점,,,,,,,,,,,,,-,-,-,-,-,-,-,-,-,-,-,-,-,-,-,-,-,-,-,-,-,-,-,-,1,1
캐나다,의류 및 패션 관련 상품,면세점 이외,,,,,,,,,,,,,-,-,-,-,-,-,-,-,-,-,-,-,-,-,-,-,-,-,-,-,-,-,-,-,470,228
캐나다,스포츠·레저용품,계,,,,,,,,,,,,,-,-,-,-,-,-,-,-,-,-,-,-,-,-,-,-,-,-,-,-,-,-,-,-,6,11
캐나다,스포츠·레저용품,면세점,,,,,,,,,,,,,-,-,-,-,-,-,-,-,-,-,-,-,-,-,-,-,-,-,-,-,-,-,-,-,0,0
캐나다,스포츠·레저용품,면세점 이외,,,,,,,,,,,,,-,-,-,-,-,-,-,-,-,-,-,-,-,-,-,-,-,-,-,-,-,-,-,-,6,11
캐나다,화장품,계,,,,,,,,,,,,,-,-,-,-,-,-,-,-,-,-,-,-,-,-,-,-,-,-,-,-,-,-,-,-,354,579
캐나다,화장품,면세점,,,,,,,,,,,,,-,-,-,-,-,-,-,-,-,-,-,-,-,-,-,-,-,-,-,-,-,-,-,-,4,5
캐나다,화장품,면세점 이외,,,,,,,,,,,,,-,-,-,-,-,-,-,-,-,-,-,-,-,-,-,-,-,-,-,-,-,-,-,-,350,574
캐나다,아동·유아용품,계,,,,,,,,,,,,,-,-,-,-,-,-,-,-,-,-,-,-,-,-,-,-,-,-,-,-,-,-,-,-,11,10
캐나다,아동·유아용품,면세점,,,,,,,,,,,,,-,-,-,-,-,-,-,-,-,-,-,-,-,-,-,-,-,-,-,-,-,-,-,-,0,0
캐나다,아동·유아용품,면세점 이외,,,,,,,,,,,,,-,-,-,-,-,-,-,-,-,-,-,-,-,-,-,-,-,-,-,-,-,-,-,-,11,10
캐나다,음·식료품,계,,,,,,,,,,,,,-,-,-,-,-,-,-,-,-,-,-,-,-,-,-,-,-,-,-,-,-,-,-,-,192,97
캐나다,음·식료품,면세점,,,,,,,,,,,,,-,-,-,-,-,-,-,-,-,-,-,-,-,-,-,-,-,-,-,-,-,-,-,-,11,5
캐나다,음·식료품,면세점 이외,,,,,,,,,,,,,-,-,-,-,-,-,-,-,-,-,-,-,-,-,-,-,-,-,-,-,-,-,-,-,181,92
캐나다,농축수산물,계,,,,,,,,,,,,,-,-,-,-,-,-,-,-,-,-,-,-,-,-,-,-,-,-,-,-,-,-,-,-,0,0
캐나다,농축수산물,면세점,,,,,,,,,,,,,-,-,-,-,-,-,-,-,-,-,-,-,-,-,-,-,-,-,-,-,-,-,-,-,0,0
캐나다,농축수산물,면세점 이외,,,,,,,,,,,,,-,-,-,-,-,-,-,-,-,-,-,-,-,-,-,-,-,-,-,-,-,-,-,-,0,0
캐나다,생활·자동차용품,계,,,,,,,,,,,,,-,-,-,-,-,-,-,-,-,-,-,-,-,-,-,-,-,-,-,-,-,-,-,-,83,87
캐나다,생활·자동차용품,면세점,,,,,,,,,,,,,-,-,-,-,-,-,-,-,-,-,-,-,-,-,-,-,-,-,-,-,-,-,-,-,0,0
캐나다,생활·자동차용품,면세점 이외,,,,,,,,,,,,,-,-,-,-,-,-,-,-,-,-,-,-,-,-,-,-,-,-,-,-,-,-,-,-,83,87
캐나다,기 타,계,,,,,,,,,,,,,-,-,-,-,-,-,-,-,-,-,-,-,-,-,-,-,-,-,-,-,-,-,-,-,32,57
캐나다,기 타,면세점,,,,,,,,,,,,,-,-,-,-,-,-,-,-,-,-,-,-,-,-,-,-,-,-,-,-,-,-,-,-,0,0
캐나다,기 타,면세점 이외,,,,,,,,,,,,,-,-,-,-,-,-,-,-,-,-,-,-,-,-,-,-,-,-,-,-,-,-,-,-,32,57
유럽연합+영국,합계,계,,,,,,,,,,,,,7897,7170,8177,8846,10525,8616,8463,9962,9773,10362,7342,12686,11024,9542,10080,10196,10592,9211,7252,5338,3671,5377,4257,4700,4140,6549
유럽연합+영국,합계,면세점,,,,,,,,,,,,,165,97,86,200,446,106,91,97,231,477,241,206,294,338,329,16,17,10,7,10,24,5,19,23,26,14
유럽연합+영국,합계,면세점 이외,,,,,,,,,,,,,7732,7073,8091,8646,10079,8510,8372,9865,9542,9885,7101,12480,10730,9204,9751,10180,10575,9201,7245,5328,3647,5372,4238,4677,4114,6535
유럽연합+영국,컴퓨터 및 주변기기,계,,,,,,,,,,,,,456,280,406,430,1030,630,655,852,633,715,513,617,694,334,524,358,508,281,232,244,154,299,1050,1561,1775,1164
유럽연합+영국,컴퓨터 및 주변기기,면세점,,,,,,,,,,,,,0,0,0,0,0,0,0,0,0,0,0,0,0,0,0,0,0,0,0,0,0,0,0,0,0,0
유럽연합+영국,컴퓨터 및 주변기기,면세점 이외,,,,,,,,,,,,,456,280,406,430,1030,630,655,852,633,715,513,617,694,334,524,358,508,281,232,244,154,299,1050,1561,1775,1164
유럽연합+영국,가전·전자·통신기기,계,,,,,,,,,,,,,962,782,1084,966,844,610,573,578,605,589,428,2058,943,593,946,559,548,383,338,163,5,1,1,4,69,103
유럽연합+영국,가전·전자·통신기기,면세점,,,,,,,,,,,,,4,9,3,4,6,7,5,8,2,7,5,7,1,0,0,0,0,0,0,0,0,0,0,1,6,0
유럽연합+영국,가전·전자·통신기기,면세점 이외,,,,,,,,,,,,,958,773,1081,962,838,603,568,570,603,582,423,2051,942,593,946,559,548,383,338,163,5,1,1,3,63,103
유럽연합+영국,소프트웨어,계,,,,,,,,,,,,,22,37,47,49,28,34,45,97,28,26,12,28,26,26,22,25,21,27,23,8,0,0,0,0,7,0
유럽연합+영국,소프트웨어,면세점,,,,,,,,,,,,,0,0,0,0,0,0,0,0,0,0,0,0,0,0,0,0,0,0,0,0,0,0,0,0,0,0
유럽연합+영국,소프트웨어,면세점 이외,,,,,,,,,,,,,22,37,47,49,28,34,45,97,28,26,12,28,26,26,22,25,21,27,23,8,0,0,0,0,7,0
유럽연합+영국,서 적,계,,,,,,,,,,,,,47,30,50,66,62,70,71,68,59,55,48,95,72,127,150,165,261,186,224,278,201,332,234,135,148,131
유럽연합+영국,서 적,면세점,,,,,,,,,,,,,0,0,0,0,0,0,0,0,0,0,0,0,0,0,0,0,0,0,0,0,0,0,0,0,0,0
유럽연합+영국,서 적,면세점 이외,,,,,,,,,,,,,47,30,50,66,62,70,71,68,59,55,48,95,72,127,150,165,261,186,224,278,201,332,234,135,148,131
유럽연합+영국,사무·문구,계,,,,,,,,,,,,,22,21,780,12,27,17,9,13,11,11,4,10,8,8,4,5,17,13,21,12,20,7,8,19,32,6
유럽연합+영국,사무·문구,면세점,,,,,,,,,,,,,0,0,0,0,0,0,0,0,0,1,0,0,0,0,0,0,0,0,0,0,0,0,0,0,0,0
유럽연합+영국,사무·문구,면세점 이외,,,,,,,,,,,,,22,21,780,12,27,17,9,13,11,10,4,10,8,8,4,5,17,13,21,12,20,7,8,19,32,6
유럽연합+영국,음반·비디오·악기,계,,,,,,,,,,,,,841,779,1173,1437,1400,1419,1808,2120,1958,2350,1502,2697,2728,2636,2958,3770,3103,2702,2186,1640,1107,2139,1156,915,578,3277
유럽연합+영국,음반·비디오·악기,면세점,,,,,,,,,,,,,0,0,0,0,0,0,0,0,0,0,0,0,0,0,0,0,0,0,0,0,0,0,0,0,0,0
유럽연합+영국,음반·비디오·악기,면세점 이외,,,,,,,,,,,,,841,779,1173,1437,1400,1419,1808,2120,1958,2350,1502,2697,2728,2636,2958,3770,3103,2702,2186,1640,1107,2139,1156,915,578,3277
유럽연합+영국,의류 및 패션 관련 상품,계,,,,,,,,,,,,,1049,973,971,1098,1230,1056,886,942,985,1054,793,862,813,1765,1276,1274,1498,1997,1323,1407,1599,2096,1223,1256,792,983
유럽연합+영국,의류 및 패션 관련 상품,면세점,,,,,,,,,,,,,13,8,10,14,25,21,17,12,15,22,12,15,6,0,0,2,2,5,2,1,20,2,8,7,4,2
유럽연합+영국,의류 및 패션 관련 상품,면세점 이외,,,,,,,,,,,,,1036,965,961,1084,1205,1035,869,930,970,1032,781,847,807,1765,1276,1272,1496,1992,1321,1406,1579,2094,1215,1249,788,981
유럽연합+영국,스포츠·레저용품,계,,,,,,,,,,,,,179,153,108,200,233,198,173,204,215,192,805,212,211,192,418,476,452,201,279,362,300,15,18,298,301,18
유럽연합+영국,스포츠·레저용품,면세점,,,,,,,,,,,,,0,0,0,0,0,0,0,0,0,0,0,0,0,0,0,0,0,0,0,0,0,0,0,0,0,0
유럽연합+영국,스포츠·레저용품,면세점 이외,,,,,,,,,,,,,179,153,108,200,233,198,173,204,215,192,805,212,211,192,418,476,452,201,279,362,300,15,18,298,301,18
유럽연합+영국,화장품,계,,,,,,,,,,,,,2506,2362,1986,2686,3433,2815,2564,2993,3337,3487,2105,3912,3108,1988,1867,1524,1449,1307,780,526,214,393,283,303,270,349
유럽연합+영국,화장품,면세점,,,,,,,,,,,,,143,70,61,176,411,71,61,71,206,436,214,179,283,337,329,14,15,4,5,8,4,2,10,11,12,10
유럽연합+영국,화장품,면세점 이외,,,,,,,,,,,,,2363,2292,1925,2510,3022,2744,2503,2922,3131,3051,1891,3733,2825,1651,1538,1510,1434,1303,775,518,210,391,273,292,258,339
유럽연합+영국,아동·유아용품,계,,,,,,,,,,,,,316,259,275,343,347,292,287,374,329,312,195,417,367,316,284,387,587,440,393,132,7,6,5,32,14,17
유럽연합+영국,아동·유아용품,면세점,,,,,,,,,,,,,0,0,0,0,0,0,0,0,0,0,0,0,0,0,0,0,0,0,0,0,0,0,0,0,0,0
유럽연합+영국,아동·유아용품,면세점 이외,,,,,,,,,,,,,316,259,275,343,347,292,287,374,329,312,195,417,367,316,284,387,587,440,393,132,7,6,5,32,14,17
유럽연합+영국,음·식료품,계,,,,,,,,,,,,,25,29,27,42,31,25,22,27,26,23,18,19,382,20,10,16,14,16,10,7,3,6,2,4,42,219
유럽연합+영국,음·식료품,면세점,,,,,,,,,,,,,5,10,12,6,4,7,8,6,8,11,10,5,4,1,0,0,0,1,0,1,0,1,1,4,4,2
유럽연합+영국,음·식료품,면세점 이외,,,,,,,,,,,,,20,19,15,36,27,18,14,21,18,12,8,14,378,19,10,16,14,15,10,6,3,5,1,0,38,217
유럽연합+영국,농축수산물,계,,,,,,,,,,,,,0,0,3,0,0,0,0,0,0,0,0,0,0,0,0,0,0,0,0,0,0,0,0,0,0,0
유럽연합+영국,농축수산물,면세점,,,,,,,,,,,,,0,0,0,0,0,0,0,0,0,0,0,0,0,0,0,0,0,0,0,0,0,0,0,0,0,0
유럽연합+영국,농축수산물,면세점 이외,,,,,,,,,,,,,0,0,3,0,0,0,0,0,0,0,0,0,0,0,0,0,0,0,0,0,0,0,0,0,0,0
유럽연합+영국,생활·자동차용품,계,,,,,,,,,,,,,733,698,546,654,739,639,610,637,665,622,383,845,694,632,637,597,661,586,464,198,11,8,23,11,27,26
유럽연합+영국,생활·자동차용품,면세점,,,,,,,,,,,,,0,0,0,0,0,0,0,0,0,0,0,0,0,0,0,0,0,0,0,0,0,0,0,0,0,0
유럽연합+영국,생활·자동차용품,면세점 이외,,,,,,,,,,,,,733,698,546,654,739,639,610,637,665,622,383,845,694,632,637,597,661,586,464,198,11,8,23,11,27,26
유럽연합+영국,기 타,계,,,,,,,,,,,,,739,767,721,863,1121,811,760,1057,922,926,536,914,978,905,984,1040,1473,1072,979,361,50,75,254,162,85,256
유럽연합+영국,기 타,면세점,,,,,,,,,,,,,0,0,0,0,0,0,0,0,0,0,0,0,0,0,0,0,0,0,0,0,0,0,0,0,0,0
유럽연합+영국,기 타,면세점 이외,,,,,,,,,,,,,739,767,721,863,1121,811,760,1057,922,926,536,914,978,905,984,1040,1473,1072,979,361,50,75,254,162,85,256
기타 유럽,합계,계,,,,,,,,,,,,,-,-,-,-,-,-,-,-,-,-,-,-,-,-,-,-,-,-,-,-,-,-,-,-,544,658
기타 유럽,합계,면세점,,,,,,,,,,,,,-,-,-,-,-,-,-,-,-,-,-,-,-,-,-,-,-,-,-,-,-,-,-,-,62,202
기타 유럽,합계,면세점 이외,,,,,,,,,,,,,-,-,-,-,-,-,-,-,-,-,-,-,-,-,-,-,-,-,-,-,-,-,-,-,482,456
기타 유럽,컴퓨터 및 주변기기,계,,,,,,,,,,,,,-,-,-,-,-,-,-,-,-,-,-,-,-,-,-,-,-,-,-,-,-,-,-,-,26,53
기타 유럽,컴퓨터 및 주변기기,면세점,,,,,,,,,,,,,-,-,-,-,-,-,-,-,-,-,-,-,-,-,-,-,-,-,-,-,-,-,-,-,0,0
기타 유럽,컴퓨터 및 주변기기,면세점 이외,,,,,,,,,,,,,-,-,-,-,-,-,-,-,-,-,-,-,-,-,-,-,-,-,-,-,-,-,-,-,26,53
기타 유럽,가전·전자·통신기기,계,,,,,,,,,,,,,-,-,-,-,-,-,-,-,-,-,-,-,-,-,-,-,-,-,-,-,-,-,-,-,0,3
기타 유럽,가전·전자·통신기기,면세점,,,,,,,,,,,,,-,-,-,-,-,-,-,-,-,-,-,-,-,-,-,-,-,-,-,-,-,-,-,-,0,1
기타 유럽,가전·전자·통신기기,면세점 이외,,,,,,,,,,,,,-,-,-,-,-,-,-,-,-,-,-,-,-,-,-,-,-,-,-,-,-,-,-,-,0,2
기타 유럽,소프트웨어,계,,,,,,,,,,,,,-,-,-,-,-,-,-,-,-,-,-,-,-,-,-,-,-,-,-,-,-,-,-,-,0,0
기타 유럽,소프트웨어,면세점,,,,,,,,,,,,,-,-,-,-,-,-,-,-,-,-,-,-,-,-,-,-,-,-,-,-,-,-,-,-,0,0
기타 유럽,소프트웨어,면세점 이외,,,,,,,,,,,,,-,-,-,-,-,-,-,-,-,-,-,-,-,-,-,-,-,-,-,-,-,-,-,-,0,0
기타 유럽,서 적,계,,,,,,,,,,,,,-,-,-,-,-,-,-,-,-,-,-,-,-,-,-,-,-,-,-,-,-,-,-,-,3,3
기타 유럽,서 적,면세점,,,,,,,,,,,,,-,-,-,-,-,-,-,-,-,-,-,-,-,-,-,-,-,-,-,-,-,-,-,-,0,0
기타 유럽,서 적,면세점 이외,,,,,,,,,,,,,-,-,-,-,-,-,-,-,-,-,-,-,-,-,-,-,-,-,-,-,-,-,-,-,3,3
기타 유럽,사무·문구,계,,,,,,,,,,,,,-,-,-,-,-,-,-,-,-,-,-,-,-,-,-,-,-,-,-,-,-,-,-,-,0,1
기타 유럽,사무·문구,면세점,,,,,,,,,,,,,-,-,-,-,-,-,-,-,-,-,-,-,-,-,-,-,-,-,-,-,-,-,-,-,0,0
기타 유럽,사무·문구,면세점 이외,,,,,,,,,,,,,-,-,-,-,-,-,-,-,-,-,-,-,-,-,-,-,-,-,-,-,-,-,-,-,0,1
기타 유럽,음반·비디오·악기,계,,,,,,,,,,,,,-,-,-,-,-,-,-,-,-,-,-,-,-,-,-,-,-,-,-,-,-,-,-,-,12,22
기타 유럽,음반·비디오·악기,면세점,,,,,,,,,,,,,-,-,-,-,-,-,-,-,-,-,-,-,-,-,-,-,-,-,-,-,-,-,-,-,0,0
기타 유럽,음반·비디오·악기,면세점 이외,,,,,,,,,,,,,-,-,-,-,-,-,-,-,-,-,-,-,-,-,-,-,-,-,-,-,-,-,-,-,12,22
기타 유럽,의류 및 패션 관련 상품,계,,,,,,,,,,,,,-,-,-,-,-,-,-,-,-,-,-,-,-,-,-,-,-,-,-,-,-,-,-,-,110,253
기타 유럽,의류 및 패션 관련 상품,면세점,,,,,,,,,,,,,-,-,-,-,-,-,-,-,-,-,-,-,-,-,-,-,-,-,-,-,-,-,-,-,21,34
기타 유럽,의류 및 패션 관련 상품,면세점 이외,,,,,,,,,,,,,-,-,-,-,-,-,-,-,-,-,-,-,-,-,-,-,-,-,-,-,-,-,-,-,89,219
기타 유럽,스포츠·레저용품,계,,,,,,,,,,,,,-,-,-,-,-,-,-,-,-,-,-,-,-,-,-,-,-,-,-,-,-,-,-,-,121,3
기타 유럽,스포츠·레저용품,면세점,,,,,,,,,,,,,-,-,-,-,-,-,-,-,-,-,-,-,-,-,-,-,-,-,-,-,-,-,-,-,0,0
기타 유럽,스포츠·레저용품,면세점 이외,,,,,,,,,,,,,-,-,-,-,-,-,-,-,-,-,-,-,-,-,-,-,-,-,-,-,-,-,-,-,121,3
기타 유럽,화장품,계,,,,,,,,,,,,,-,-,-,-,-,-,-,-,-,-,-,-,-,-,-,-,-,-,-,-,-,-,-,-,223,283
기타 유럽,화장품,면세점,,,,,,,,,,,,,-,-,-,-,-,-,-,-,-,-,-,-,-,-,-,-,-,-,-,-,-,-,-,-,37,157
기타 유럽,화장품,면세점 이외,,,,,,,,,,,,,-,-,-,-,-,-,-,-,-,-,-,-,-,-,-,-,-,-,-,-,-,-,-,-,186,126
기타 유럽,아동·유아용품,계,,,,,,,,,,,,,-,-,-,-,-,-,-,-,-,-,-,-,-,-,-,-,-,-,-,-,-,-,-,-,40,1
기타 유럽,아동·유아용품,면세점,,,,,,,,,,,,,-,-,-,-,-,-,-,-,-,-,-,-,-,-,-,-,-,-,-,-,-,-,-,-,0,0
기타 유럽,아동·유아용품,면세점 이외,,,,,,,,,,,,,-,-,-,-,-,-,-,-,-,-,-,-,-,-,-,-,-,-,-,-,-,-,-,-,40,1
기타 유럽,음·식료품,계,,,,,,,,,,,,,-,-,-,-,-,-,-,-,-,-,-,-,-,-,-,-,-,-,-,-,-,-,-,-,4,10
기타 유럽,음·식료품,면세점,,,,,,,,,,,,,-,-,-,-,-,-,-,-,-,-,-,-,-,-,-,-,-,-,-,-,-,-,-,-,4,10
기타 유럽,음·식료품,면세점 이외,,,,,,,,,,,,,-,-,-,-,-,-,-,-,-,-,-,-,-,-,-,-,-,-,-,-,-,-,-,-,0,0
기타 유럽,농축수산물,계,,,,,,,,,,,,,-,-,-,-,-,-,-,-,-,-,-,-,-,-,-,-,-,-,-,-,-,-,-,-,0,0
기타 유럽,농축수산물,면세점,,,,,,,,,,,,,-,-,-,-,-,-,-,-,-,-,-,-,-,-,-,-,-,-,-,-,-,-,-,-,0,0
기타 유럽,농축수산물,면세점 이외,,,,,,,,,,,,,-,-,-,-,-,-,-,-,-,-,-,-,-,-,-,-,-,-,-,-,-,-,-,-,0,0
기타 유럽,생활·자동차용품,계,,,,,,,,,,,,,-,-,-,-,-,-,-,-,-,-,-,-,-,-,-,-,-,-,-,-,-,-,-,-,1,6
기타 유럽,생활·자동차용품,면세점,,,,,,,,,,,,,-,-,-,-,-,-,-,-,-,-,-,-,-,-,-,-,-,-,-,-,-,-,-,-,0,0
기타 유럽,생활·자동차용품,면세점 이외,,,,,,,,,,,,,-,-,-,-,-,-,-,-,-,-,-,-,-,-,-,-,-,-,-,-,-,-,-,-,1,6
기타 유럽,기 타,계,,,,,,,,,,,,,-,-,-,-,-,-,-,-,-,-,-,-,-,-,-,-,-,-,-,-,-,-,-,-,4,20
기타 유럽,기 타,면세점,,,,,,,,,,,,,-,-,-,-,-,-,-,-,-,-,-,-,-,-,-,-,-,-,-,-,-,-,-,-,0,0
기타 유럽,기 타,면세점 이외,,,,,,,,,,,,,-,-,-,-,-,-,-,-,-,-,-,-,-,-,-,-,-,-,-,-,-,-,-,-,4,20
